Algorithm,mean,std
FIS,4.64,0.33615472627943194
Genetic,16.740000000000002,7.544070519288642
Neuro,8.120000000000001,0.5310367218940706
