Algorithm,mean,std
FIS,4.64,0.33615472627943194
Genetic,13.425,1.6194134740701642
Neuro,8.120000000000001,0.5310367218940706
